requirement_id,requirement_code,title,severity,is_mandatory
279fb78f-26c2-406b-946f-172a8176a95f,EUAIA-ART10-1A,Data governance and management practices,critical,true
5b9f5a32-111c-4faa-9559-0fdf333dd614,EUAIA-ART10-1B,Examination for biases in datasets,critical,true
52630bd1-44f4-4cec-962a-4ac0aa71a652,EUAIA-ART10-1C,Data relevance and representativeness,high,true
b30964ae-eb41-4ce9-bfce-6c724900a8ad,EUAIA-ART10-1D,Personal data minimisation in training,high,true
9b35e325-cb51-4d45-9b2e-729b849d20f5,EUAIA-ART11-1A,System description and intended purpose,critical,true
32ce73c0-d322-45d7-8552-be38cc4d6a9b,EUAIA-ART11-1B,Design and development specifications,high,true
322c7aba-0f7a-433f-8111-68bf11895b4c,EUAIA-ART11-1C,Validation and testing results,high,true
ff9feb46-a981-4147-9da5-f480c9a726c0,EUAIA-ART12-1A,Automatic logging of events,high,true
908368c7-57f4-45b2-a27c-5c1620091997,EUAIA-ART12-1B,Log retention period,high,true
645b5801-8e08-4d50-a69e-100e0d2dd859,EUAIA-ART12-1C,Traceability of AI decisions,high,true
7a2bd03b-0785-471e-84b9-74319660c4ab,EUAIA-ART13-1A,Identity and provider information disclosure,high,true
a861f058-3554-4528-98cf-754dfa0d2d13,EUAIA-ART13-1B,Capabilities and limitations disclosure,high,true
890a184b-aaef-46ab-9daf-8b7f00022e89,EUAIA-ART13-1C,Human oversight measures description,high,true
d284a0e2-30b2-433b-aa2c-cd928eee7993,EUAIA-ART14-1A,Human oversight by design,critical,true
be01ef43-e25a-4ae4-8205-e98dae465510,EUAIA-ART14-1B,Ability to pause and override,critical,true
c28728cb-0271-4f9f-af0e-6338d7114330,EUAIA-ART14-1C,Competence of oversight persons,high,true
518f0744-5c27-4bad-87c6-9d4776f7f08b,EUAIA-ART15-1A,Accuracy metrics documented,high,true
42fc078b-0ec2-4492-bc19-ab0c2e3bfb54,EUAIA-ART15-1B,Resilience to errors and faults,high,true
964f313c-5354-45d8-a34a-2dff175bf84b,EUAIA-ART15-1C,Cybersecurity protections,critical,true
7a77df76-094e-44f1-841a-49ac579f3743,EUAIA-ART26-1A,Deployer use in accordance with instructions,high,true
c524ed1b-4b15-48c3-8287-6e82157b1a69,EUAIA-ART26-1B,Deployer human oversight designation,critical,true
c1a659a2-64f3-4d8a-a571-ac8565c23ea9,EUAIA-ART26-1C,Deployer monitoring obligations,high,true
011d2018-c6ea-458e-864c-ace543505540,EUAIA-ART27-1A,FRIA scope and process,high,true
2c7514dd-6f13-4020-83b6-e791ba1a5e02,EUAIA-ART27-1B,Consultation with affected groups,medium,true
505ecca3-c2d2-4cd1-9e2f-1adad5c56df1,EUAIA-ART43-1A,Internal conformity assessment procedure,critical,true
f5081ea5-2f53-4e9f-bed6-7135279d6138,EUAIA-ART43-1B,Declaration of conformity,critical,true
5cacef5b-56d0-4a5b-9c02-1ef0fad76345,EUAIA-ART49-1A,EU AI database registration,high,true
0a0080b1-c11f-4284-ab32-74f7b0a16dcf,EUAIA-ART72-1A,Serious incident detection and classification,critical,true
8944cb32-5d6f-4545-bef0-1e91e0a7c1ad,EUAIA-ART72-1B,Timely reporting to authorities,critical,true
16801fe3-a939-4456-aad3-01b6af84af66,EUAIA-ART9-1A,Identify and analyse known and foreseeable risks,critical,true
5ede2534-aaeb-47be-82f9-7a496d814052,EUAIA-ART9-1B,Estimate and evaluate risks,critical,true
46408713-1aa5-4a19-9767-218647ade5ee,EUAIA-ART9-1C,Evaluate residual risks after controls,high,true
68009aee-55cb-4bfa-ae7f-e48a16801e99,EUAIA-ART9-1D,Risk management documentation and records,high,true
