requirement_code,requirement_title,severity,required_controls,attached_controls,satisfied_by_evidence,satisfied_by_exclusion,status
EUAIA-ART10-1A,Data governance and management practices,critical,3,3,0,0,gap
EUAIA-ART10-1B,Examination for biases in datasets,critical,6,6,0,0,gap
EUAIA-ART10-1C,Data relevance and representativeness,high,3,3,0,0,gap
EUAIA-ART10-1D,Personal data minimisation in training,high,3,3,0,0,gap
EUAIA-ART11-1A,System description and intended purpose,critical,2,2,0,0,gap
EUAIA-ART11-1B,Design and development specifications,high,1,1,0,0,gap
EUAIA-ART11-1C,Validation and testing results,high,3,3,0,0,gap
EUAIA-ART12-1A,Automatic logging of events,high,1,1,0,0,gap
EUAIA-ART12-1B,Log retention period,high,1,1,0,0,gap
EUAIA-ART12-1C,Traceability of AI decisions,high,1,1,0,0,gap
EUAIA-ART13-1A,Identity and provider information disclosure,high,2,2,0,0,gap
EUAIA-ART13-1B,Capabilities and limitations disclosure,high,3,3,0,0,gap
EUAIA-ART13-1C,Human oversight measures description,high,1,1,0,0,gap
EUAIA-ART14-1A,Human oversight by design,critical,3,3,0,0,gap
EUAIA-ART14-1B,Ability to pause and override,critical,1,1,0,0,gap
EUAIA-ART14-1C,Competence of oversight persons,high,1,1,0,0,gap
EUAIA-ART15-1A,Accuracy metrics documented,high,6,6,0,0,gap
EUAIA-ART15-1B,Resilience to errors and faults,high,3,3,0,0,gap
EUAIA-ART15-1C,Cybersecurity protections,critical,4,4,0,0,gap
EUAIA-ART26-1A,Deployer use in accordance with instructions,high,1,1,0,0,gap
EUAIA-ART26-1B,Deployer human oversight designation,critical,1,1,0,0,gap
EUAIA-ART26-1C,Deployer monitoring obligations,high,1,1,0,0,gap
EUAIA-ART27-1A,FRIA scope and process,high,1,1,0,0,gap
EUAIA-ART27-1B,Consultation with affected groups,medium,1,1,0,0,gap
EUAIA-ART43-1A,Internal conformity assessment procedure,critical,1,1,0,0,gap
EUAIA-ART43-1B,Declaration of conformity,critical,1,1,0,0,gap
EUAIA-ART49-1A,EU AI database registration,high,1,1,0,0,gap
EUAIA-ART72-1A,Serious incident detection and classification,critical,2,2,0,0,gap
EUAIA-ART72-1B,Timely reporting to authorities,critical,1,1,0,0,gap
EUAIA-ART9-1A,Identify and analyse known and foreseeable risks,critical,2,2,0,0,gap
EUAIA-ART9-1B,Estimate and evaluate risks,critical,3,3,0,0,gap
EUAIA-ART9-1C,Evaluate residual risks after controls,high,2,2,0,0,gap
EUAIA-ART9-1D,Risk management documentation and records,high,1,1,0,0,gap
